epoch,accuracy,learning_rate,loss,val_accuracy,val_balanced_accuracy,val_loss,val_macro_f1,val_weighted_f1
0,0.5045236945152283,9.999999747378752e-05,1.2689883708953857,0.39351850748062134,0.48395061728395056,1.0877084732055664,0.34124756877064577,0.4500247885695534
1,0.684406578540802,9.999999747378752e-05,0.8086527585983276,0.6574074029922485,0.5347222222222222,0.8889018893241882,0.40444102169169555,0.6628748983870278
2,0.7844598293304443,9.999999747378752e-05,0.5694285035133362,0.7800925970077515,0.606687242798354,0.7147820591926575,0.5755238258289106,0.7708298426829501
3,0.852048933506012,9.999999747378752e-05,0.40747979283332825,0.6550925970077515,0.5699074074074074,0.8473701477050781,0.47146240636129083,0.6731650490755987
4,0.8919638395309448,9.999999747378752e-05,0.300337016582489,0.7986111044883728,0.6438271604938272,0.5824145674705505,0.6217380254938941,0.8004616811346077
5,0.9185737371444702,9.999999747378752e-05,0.2528110146522522,0.7800925970077515,0.5938786008230453,0.5592904090881348,0.5859262937217257,0.7847084298797308
6,0.9265567064285278,9.999999747378752e-05,0.20755912363529205,0.8263888955116272,0.6029320987654321,0.38251614570617676,0.6088766767897527,0.8194462961500878
7,0.9505056142807007,9.999999747378752e-05,0.15493114292621613,0.8587962985038757,0.6716049382716048,0.36971455812454224,0.6654601270793176,0.8421265557697342
8,0.9531666040420532,9.999999747378752e-05,0.14087705314159393,0.8425925970077515,0.6811213991769547,0.3800724744796753,0.6632516116081113,0.8395929859836232
9,0.9558275938034058,9.999999747378752e-05,0.12897099554538727,0.8773148059844971,0.7059670781893005,0.29785043001174927,0.720281124497992,0.8695214190093707
10,0.9616817235946655,9.999999747378752e-05,0.13593487441539764,0.875,0.6986625514403292,0.3589864671230316,0.7096261393112968,0.8640616199836588
11,0.9670037031173706,9.999999747378752e-05,0.10481897741556168,0.8449074029922485,0.7120884773662551,0.4029688239097595,0.6846700170838101,0.8475093021070033
12,0.9760510921478271,9.999999747378752e-05,0.08073367178440094,0.8611111044883728,0.6845164609053498,0.3523792624473572,0.6947298701051167,0.8579195693678068
13,0.9803086519241333,9.999999747378752e-05,0.06810951977968216,0.8587962985038757,0.628858024691358,0.4016698896884918,0.6504321709425224,0.8446807819581049
14,0.9835018515586853,1.9999999494757503e-05,0.05937910079956055,0.875,0.6917181069958848,0.3327926993370056,0.7153402530302865,0.8665306841214213
15,0.9787120819091797,1.9999999494757503e-05,0.06903283298015594,0.8726851940155029,0.6879115226337449,0.36316561698913574,0.7112198599948147,0.8653993100567511
16,0.9760510921478271,1.9999999494757503e-05,0.07558062672615051,0.8819444179534912,0.720216049382716,0.34672489762306213,0.7381825684993734,0.8761673200682042
17,0.9888238310813904,1.9999999494757503e-05,0.04325887933373451,0.8773148059844971,0.7136316872427985,0.36985909938812256,0.7267322531907815,0.8724114292835436
18,0.9856306314468384,1.9999999494757503e-05,0.04992883279919624,0.8842592835426331,0.7344650205761317,0.38112714886665344,0.7457229116126017,0.8791726352995815
19,0.9835018515586853,1.9999999494757503e-05,0.04578104615211487,0.8819444179534912,0.745627572016461,0.3563244640827179,0.7479208607239062,0.8805691514567492
20,0.9898882508277893,1.9999999494757503e-05,0.038920704275369644,0.8796296119689941,0.7310185185185185,0.3692733645439148,0.7360669038257504,0.8766720755580519
21,0.9840340614318848,1.9999999494757503e-05,0.05466870218515396,0.8888888955116272,0.7546296296296297,0.35704153776168823,0.7570858895705522,0.8870543626448535
22,0.9920170307159424,1.9999999494757503e-05,0.03503897041082382,0.8773148059844971,0.7435699588477367,0.3737317621707916,0.7411082730239819,0.8770530012771393
23,0.9909526109695435,1.9999999494757503e-05,0.03770751878619194,0.875,0.7498456790123456,0.3803405165672302,0.740840268595577,0.8755165798138499
24,0.9941458106040955,1.9999999494757503e-05,0.03082147240638733,0.8773148059844971,0.74809670781893,0.3694438636302948,0.7422053258440965,0.8779681742284348
25,0.9872272610664368,1.9999999494757503e-05,0.03658655285835266,0.8842592835426331,0.746656378600823,0.36600056290626526,0.7484571644164174,0.8828590292936643
26,0.9882916212081909,3.999999989900971e-06,0.043665338307619095,0.8819444179534912,0.7411008230452675,0.3652355670928955,0.7421465501225707,0.8804147918564134
27,0.9909526109695435,3.999999989900971e-06,0.030942650511860847,0.875,0.7289609053497942,0.3717058002948761,0.7262681049837013,0.8736984014965666
28,0.9904204607009888,3.999999989900971e-06,0.03455809876322746,0.8773148059844971,0.7359053497942387,0.37832239270210266,0.7323929832105932,0.8758910450524705
29,0.9872272610664368,3.999999989900971e-06,0.040571462363004684,0.8796296119689941,0.7414609053497943,0.3774411678314209,0.7371916279947249,0.878797332472485
30,0.9904204607009888,8.000000093488779e-07,0.03500167652964592,0.875,0.7303497942386832,0.3797328472137451,0.7260100647016534,0.87339803498682
31,0.9941458106040955,8.000000093488779e-07,0.029207438230514526,0.8773148059844971,0.7372942386831275,0.38106268644332886,0.7307160877835148,0.8759147819904284
