true_index,predicted_index,true_label,predicted_label,probability_Unripe,probability_Ripe,probability_Overripe,confidence,correct
1,0,Ripe,Unripe,0.9993678,0.0003876623,0.0002446004,0.9993678,False
1,2,Ripe,Overripe,7.2780506e-12,0.0019282273,0.9980718,0.9980718,False
1,0,Ripe,Unripe,0.9976548,0.0006761626,0.0016690397,0.9976548,False
1,0,Ripe,Unripe,0.99472827,0.0038946166,0.0013771141,0.99472827,False
1,2,Ripe,Overripe,8.6663747e-16,0.00528406,0.994716,0.994716,False
1,2,Ripe,Overripe,5.97231e-15,0.0066936654,0.99330634,0.99330634,False
1,2,Ripe,Overripe,4.8810894e-21,0.007287539,0.9927125,0.9927125,False
1,2,Ripe,Overripe,4.227972e-14,0.0089594005,0.99104065,0.99104065,False
1,0,Ripe,Unripe,0.98032665,0.018740859,0.00093244814,0.98032665,False
1,2,Ripe,Overripe,4.5038815e-14,0.020385848,0.9796141,0.9796141,False
1,0,Ripe,Unripe,0.9742848,0.022934994,0.0027801057,0.9742848,False
1,0,Ripe,Unripe,0.9702795,0.009765885,0.019954566,0.9702795,False
1,2,Ripe,Overripe,1.2786538e-09,0.030199926,0.9698001,0.9698001,False
1,2,Ripe,Overripe,7.5533137e-07,0.045517612,0.95448166,0.95448166,False
1,0,Ripe,Unripe,0.94637066,0.048509173,0.0051201093,0.94637066,False
1,2,Ripe,Overripe,8.277251e-12,0.09016041,0.9098396,0.9098396,False
1,2,Ripe,Overripe,1.3107375e-13,0.10341841,0.89658153,0.89658153,False
0,2,Unripe,Overripe,0.108552605,0.00027857008,0.89116883,0.89116883,False
0,2,Unripe,Overripe,0.078379445,0.047662705,0.8739578,0.8739578,False
1,0,Ripe,Unripe,0.8679148,0.06860646,0.06347879,0.8679148,False
2,0,Overripe,Unripe,0.84072256,0.018590223,0.14068711,0.84072256,False
2,1,Overripe,Ripe,0.00066696346,0.83446366,0.1648693,0.83446366,False
2,0,Overripe,Unripe,0.8107301,0.0008205632,0.18844943,0.8107301,False
1,2,Ripe,Overripe,0.11763018,0.09351435,0.7888555,0.7888555,False
1,2,Ripe,Overripe,1.3501154e-10,0.21626268,0.78373724,0.78373724,False
1,2,Ripe,Overripe,0.0033668792,0.24886358,0.74776953,0.74776953,False
1,2,Ripe,Overripe,3.0782266e-20,0.25428104,0.74571896,0.74571896,False
1,0,Ripe,Unripe,0.730237,0.26409554,0.00566744,0.730237,False
2,0,Overripe,Unripe,0.7016739,0.001240191,0.29708585,0.7016739,False
1,0,Ripe,Unripe,0.6993334,0.09625544,0.20441115,0.6993334,False
1,2,Ripe,Overripe,7.421386e-12,0.30951247,0.69048756,0.69048756,False
1,2,Ripe,Overripe,9.590466e-18,0.31820866,0.68179137,0.68179137,False
1,0,Ripe,Unripe,0.647604,0.34744862,0.0049473615,0.647604,False
1,0,Ripe,Unripe,0.6238879,0.37104324,0.005068831,0.6238879,False
1,0,Ripe,Unripe,0.6103017,0.36924994,0.020448336,0.6103017,False
1,2,Ripe,Overripe,4.897049e-10,0.39305303,0.60694695,0.60694695,False
0,2,Unripe,Overripe,0.3833686,0.016371276,0.6002601,0.6002601,False
1,2,Ripe,Overripe,5.6189806e-06,0.410957,0.5890374,0.5890374,False
1,0,Ripe,Unripe,0.5579104,0.3716156,0.07047405,0.5579104,False
1,0,Ripe,Unripe,0.5479477,0.34717712,0.10487521,0.5479477,False
0,2,Unripe,Overripe,0.44578475,0.017530436,0.5366848,0.5366848,False
1,2,Ripe,Overripe,2.3507829e-14,0.47171658,0.5282834,0.5282834,False
1,2,Ripe,Overripe,4.3247954e-11,0.47262797,0.52737206,0.52737206,False
0,1,Unripe,Ripe,0.43832844,0.5017988,0.05987277,0.5017988,False
1,0,Ripe,Unripe,0.49105665,0.44165543,0.06728787,0.49105665,False
0,2,Unripe,Overripe,0.15417546,0.3753279,0.4704967,0.4704967,False
1,0,Ripe,Unripe,0.46760857,0.33033675,0.20205468,0.46760857,False
2,1,Overripe,Ripe,0.06849786,0.46597186,0.46553025,0.46597186,False
1,2,Ripe,Overripe,0.34402534,0.21190405,0.44407064,0.44407064,False
