epoch,train_loss,train_accuracy,train_balanced_accuracy,train_precision_macro,train_recall_macro,train_macro_f1,train_weighted_f1,val_loss,val_accuracy,val_balanced_accuracy,val_precision_macro,val_recall_macro,val_macro_f1,val_weighted_f1,backbone_learning_rate,head_learning_rate,epoch_time_seconds
1,1.0582146970021744,0.4393063583815029,0.4401184973218872,0.4391146788711872,0.4401184973218872,0.4395141117671762,0.43884838548071853,0.9469266135511,0.5626535626535627,0.4507058287795993,0.4346878083864385,0.4507058287795993,0.3793206585939021,0.5967633501748026,2e-05,0.0001,1273.4171957969666
2,0.8684772535555625,0.6374146085128745,0.6372348461137194,0.6413534944235719,0.6372348461137194,0.6374104682769491,0.6372832662748815,0.8575839385646568,0.6363636363636364,0.5241322606759765,0.4841790558897381,0.5241322606759765,0.4317763194635396,0.6563924340432924,2e-05,0.0001,1032.4846744537354
3,0.7376600126811722,0.7293746715712034,0.7287911821705425,0.7365364244727538,0.7287911821705425,0.7276979379292596,0.7280082511621309,0.7923119916084065,0.6928746928746928,0.623795790325845,0.5696347533304055,0.623795790325845,0.5467440063494061,0.7243366019916573,2e-05,0.0001,999.208251953125
4,0.6108832525004229,0.7992643194955333,0.798686144179458,0.804522664825894,0.798686144179458,0.7995309543856673,0.7998598310689928,0.6966574234517259,0.773955773955774,0.5856557377049181,0.587979513190969,0.5856557377049181,0.5595101741617524,0.7733228894634493,2e-05,0.0001,984.504162311554
5,0.5363787061530417,0.837624802942722,0.8356742843136368,0.8410283499813441,0.8356742843136368,0.8366643462166857,0.8371289675849227,0.6732711957479285,0.7886977886977887,0.6063600485731633,0.5323360778239722,0.6063600485731633,0.519406777624825,0.7751374381740256,2e-05,0.0001,962.1567940711975
6,0.48638682282728957,0.8633736205990541,0.8618209656015434,0.8650343443725284,0.8618209656015434,0.8627963668290413,0.8631815335132511,0.6012249216986523,0.8230958230958231,0.6219818862578426,0.6349038558340884,0.6219818862578426,0.5933339812854524,0.8142536439337951,2e-05,0.0001,958.8523459434509
7,0.4496482854383091,0.8738833420914346,0.8735265178084327,0.8748752025465962,0.8735265178084327,0.8735444440138912,0.8737976748243699,0.5957374051396326,0.8108108108108109,0.6680884436348918,0.6485666158148996,0.6680884436348918,0.6072477543436005,0.8126156128314014,2e-05,0.0001,951.3113059997559
8,0.39947818383316086,0.9085654230162901,0.9101590747061676,0.9085518307076819,0.9101590747061676,0.9087070312867581,0.9083700127414004,0.585515615468529,0.8034398034398035,0.610152297105849,0.6237008045227224,0.610152297105849,0.5523987318941269,0.7916861323386467,2e-05,0.0001,951.4462223052979
9,0.37714603890949217,0.9185496584340515,0.9179826978958733,0.9191375601038821,0.9179826978958733,0.918153440072584,0.9183939138532189,0.5598408286928838,0.828009828009828,0.6749671119206638,0.6513434228948597,0.6749671119206638,0.6144351680065966,0.8236910801845868,2e-05,0.0001,968.1901254653931
10,0.34424339813492016,0.9301103520756699,0.9313729635666422,0.929835738971769,0.9313729635666422,0.9301866500467325,0.9300450846055985,0.5684510213151318,0.8402948402948403,0.6921346893341429,0.7150543418294163,0.6921346893341429,0.640430790960452,0.8372860533877483,2e-05,0.0001,959.8305583000183
11,0.31144114011723434,0.9464004203888597,0.9465819270425201,0.9465755841481415,0.9465819270425201,0.946441355540875,0.9463860697597722,0.6482970052620702,0.7714987714987716,0.5614779396883222,0.5840055742016527,0.5614779396883222,0.5592612293144208,0.7685950650844267,2e-05,0.0001,952.2022676467896
12,0.32748335582672516,0.9348397267472413,0.9351426712202745,0.9353655511965622,0.9351426712202745,0.9344745893980896,0.9347759172823457,0.5747974567682795,0.8058968058968059,0.6842289010321797,0.6796467086322159,0.6842289010321797,0.6310882428608181,0.8158866352846286,2e-05,0.0001,942.3887984752655
13,0.3041338135208886,0.9479768786127167,0.9476946443973966,0.9480288178999602,0.9476946443973966,0.9477726680021675,0.9478986010663841,0.7463676982927674,0.7371007371007371,0.6212836470350132,0.718874027449952,0.6212836470350132,0.5216085028547218,0.7488443881778315,1e-05,5e-05,944.8812048435211
14,0.28084857349200304,0.9642669469259064,0.9639701055336268,0.9649664386974756,0.9639701055336268,0.964166836864797,0.9642303142277421,0.44233155353063447,0.8722358722358723,0.7226750657761586,0.735178483365578,0.7226750657761586,0.7120677839772087,0.8685160867479773,1e-05,5e-05,933.7170622348785
15,0.2806758333351884,0.9637414608512874,0.9647085264753912,0.9637096054610149,0.9647085264753912,0.9638315765305613,0.9636465949336105,0.5399677868410762,0.8304668304668305,0.7010094110503946,0.6986184105749323,0.7010094110503946,0.6567670293824689,0.8349974286861431,1e-05,5e-05,936.2719216346741
16,0.2621001212207255,0.9753021544929059,0.9757564521452134,0.9752666385263238,0.9757564521452134,0.9753748726872339,0.9752571878111963,0.4772970028386362,0.855036855036855,0.6654472778789718,0.7006594927440477,0.6654472778789718,0.6596109705236909,0.8454095556084728,1e-05,5e-05,943.8498020172119
17,0.2628790031153468,0.9716237519705728,0.9715562632013998,0.9719077668600034,0.9715562632013998,0.9715207157092894,0.9715246269410456,0.46491709768918577,0.8624078624078624,0.6519429265330904,0.7335084033613445,0.6519429265330904,0.6527543424317618,0.8464147883502723,5e-06,2.5e-05,921.4228858947754
18,0.2571783874671333,0.9726747241198108,0.9725195418873757,0.9729721063517376,0.9725195418873757,0.9725487142171222,0.9726031979428958,0.46226644574570713,0.8624078624078624,0.6621028131957094,0.7035628072012332,0.6621028131957094,0.653817921149099,0.8488317527579856,5e-06,2.5e-05,927.3609671592712
19,0.2534592053919044,0.9758276405675249,0.9758959646416883,0.9759632602619747,0.9758959646416883,0.9758167436919694,0.9758087854813626,0.47150711989812827,0.8624078624078624,0.6621028131957094,0.7035628072012332,0.6621028131957094,0.653817921149099,0.8488317527579856,5e-06,2.5e-05,932.6383402347565
20,0.2510050025367762,0.9742511823436679,0.973262102073702,0.9752687754052202,0.973262102073702,0.9739978994739044,0.9741540992397132,0.44455521171157425,0.8771498771498771,0.7131577615867233,0.735944360650243,0.7131577615867233,0.7035111463612207,0.8707784069726914,2.5e-06,1.25e-05,917.2513451576233
21,0.2393540954173269,0.9816079873883342,0.9814990433451266,0.981831657892012,0.9814990433451266,0.981484028683373,0.9815218969364061,0.4666963658988915,0.8648648648648649,0.6792071443027727,0.7104562104562104,0.6792071443027727,0.6646896656471803,0.8545949909747471,2.5e-06,1.25e-05,918.0774924755096
22,0.25541804850696576,0.977404098791382,0.9771698252332022,0.977818926563289,0.9771698252332022,0.9772944816532291,0.9773092298849438,0.46328326642366824,0.8673218673218673,0.6795284355393645,0.7247207524985303,0.6795284355393645,0.6614977031507755,0.8555308061759197,2.5e-06,1.25e-05,926.6521689891815
